Name,Score
Kevin,100.0
Will,97.2389389681461
Dan,92.03691279355495
Tymande,89.10550833532902
Jason,79.49514403869318
Robbie,76.97181504144638
Rick,54.782243874262605
Reece,30.702047864928044
